EMAIL,IS BLACKLIST,RECORD TIME
mail@unos.com,1,9/09/2022 1:15
info@aragostabistro.com,1,9/09/2022 1:15
CKomburas@coldcuts.com,1,9/09/2022 1:15
Emmanuelstr@gmail.com,1,9/09/2022 1:15
mail@unos.com,1,9/09/2022 1:15
guestrelations@bertuccis.com,1,9/09/2022 1:15
info@victorsofyork.com,1,9/09/2022 1:15
giovannioliva@comcast.net,1,9/09/2022 1:15
alfred@alfredosonline.com,1,9/09/2022 1:15
c@pushcart.comcastbiz.net,1,9/09/2022 1:15
stefan@dventures.net,1,9/09/2022 1:15
will@tucasarestaurant.com,1,9/09/2022 1:15
info@ristoranteolivio.com,1,9/09/2022 1:15
doug@crazydoughs.com,1,9/09/2022 1:15
contact@sophiasgrotto.com,1,9/09/2022 1:15
info@princerestaurant.com,1,9/09/2022 1:15
info@dustodesign.com,1,9/09/2022 1:15
sofiaboston@gmail.com,1,9/09/2022 1:15
info@labefanapizza.com,1,9/09/2022 1:15
events@restaurantdante.com,1,9/09/2022 1:15
info@brioitalian.com,1,9/09/2022 1:15
anichols@crashsafely.org,1,9/09/2022 1:15
info@davesfreshpasta.com,1,9/09/2022 1:15
info@raii.com,1,9/09/2022 1:15
mareboston@gmail.com,1,9/09/2022 1:15
eighttenbarandgrille@gmail.com,1,9/09/2022 1:15
arthur@reverehouseofpizza.com,1,9/09/2022 1:15
info@bobbycsmelrose.com,1,9/09/2022 1:15
guestrelations@bertuccis.com,1,9/09/2022 1:15
Albert@caponefoods.com,1,9/09/2022 1:15
massiminosboston@gmail.com,1,9/09/2022 1:15
info@mamaginaspizzeria.com,1,9/09/2022 1:15
joeauc@hotmail.com,1,9/09/2022 1:15
info@eccopizzeria.com,1,9/09/2022 1:15
info@mamagoos.com,1,9/09/2022 1:15
villarosa1953@aol.com,1,9/09/2022 1:15
luccaboston@aol.com,1,9/09/2022 1:15
info@mammamias.net,1,9/09/2022 1:15
david@povertysuckx.com,1,9/09/2022 1:15
papaginos@bigpond.com,1,9/09/2022 1:15
gaetanospennsauken@aol.com,1,9/09/2022 1:15
hr@papaginos.com,1,9/09/2022 1:15
papaginos@bigpond.com,1,9/09/2022 1:15
evittorio@bistro5.com,1,9/09/2022 1:15
info@beyondmenu.com,1,9/09/2022 1:15
jkermanidis@yahoo.com,1,9/09/2022 1:15
cucina@davioscucina.com,1,9/09/2022 1:15
ameliaskitchen@yahoo.com,1,9/09/2022 1:15
ar@papaginos.com,1,9/09/2022 1:15
olivegarden@news.olivegarden.com,1,9/09/2022 1:15
employment@papaginos.com,1,9/09/2022 1:15
hdengizli@gmail.com,1,9/09/2022 1:15
ktaylor@stefanigroup.com,1,9/09/2022 1:15
michael@thebluestonebistro.com,1,9/09/2022 1:15
info@pastalinas.com,1,9/09/2022 1:15
customerservice@bertuccis.com,1,9/09/2022 1:15
tuppjackie@yahoo.com,1,9/09/2022 1:15
gennaros5northsquare@gmail.com,1,9/09/2022 1:15
info@tartuforestaurant.com,1,9/09/2022 1:15
tania@luccaboston.com,1,9/09/2022 1:15
buonavitaristorante@gmail.com,1,9/09/2022 1:15
papaginos@bigpond.com,1,9/09/2022 1:15
info@verona-restaurant.com,1,9/09/2022 1:15
angelo@angeloristorante.com,1,9/09/2022 1:15
info@commonmarketrestaurants.com,1,9/09/2022 1:15
ariatrattoria@yahoo.com,1,9/09/2022 1:15
biancacsantoro@yahoo.com,1,9/09/2022 1:15
info@pearlstreetrestaurant.com,1,9/09/2022 1:15
I-Gamsohn@campodefiori.com,1,9/09/2022 1:15
Katherine@bellalunarestaurant.com,1,9/09/2022 1:15
support@codelifter.com,1,9/09/2022 1:15
Stellina7@juno.com,1,9/09/2022 1:15
mail@unos.com,1,9/09/2022 1:15
Chris_Alexander@nicksplace.org,1,9/09/2022 1:15
portobellorestaurant@hotmail.com,1,9/09/2022 1:15
ristoranteserena06@verizon.net,1,9/09/2022 1:15
info@bottegadicapribrookline.com,1,9/09/2022 1:15
eat@tavolopizza.com,1,9/09/2022 1:15
info@dbarboston.com,1,9/09/2022 1:15
moescafeofmalden@gmail.com,1,9/09/2022 1:15
chermerr@comcast.net,1,9/09/2022 1:15
events.clt@lucianositaly.com,1,9/09/2022 1:15
J_Marshall@frodospizza.com,1,9/09/2022 1:15
tim@nyajoes.com,1,9/09/2022 1:15
southstationinfo@taverninthesquare.com,1,9/09/2022 1:15
merkmen@msn.com,1,9/09/2022 1:15
Eleni-Kontis@sandiegocurves.com,1,9/09/2022 1:15
papaginos@bigpond.com,1,9/09/2022 1:15
kendallpondpizza@comcast.net,1,9/09/2022 1:15
webmaster@pizzahut.com,1,9/09/2022 1:15
chefallan@comcast.net,1,9/09/2022 1:15
info@mangiamopizzamalden.com,1,9/09/2022 1:15
marketing@sals-pizza.com,1,9/09/2022 1:15
bostonoggi@yahoo.com,1,9/09/2022 1:15
blog@wordpress.com,1,9/09/2022 1:15
marketing@dominos.co.uk,1,9/09/2022 1:15
redeemed@nakedpizza.biz,1,9/09/2022 1:15
info@graftonstreetcambridge.com,1,9/09/2022 1:15
jon@doe.com,1,9/09/2022 1:15
info@nanaseverett.com,1,9/09/2022 1:15
info@bahamaslocal.com,1,9/09/2022 1:15
owner@superbeef.net,1,9/09/2022 1:15
starks@amconmedia.com,1,9/09/2022 1:15
tina@montilios.com,1,9/09/2022 1:15
phcards@pizzahut.com,1,9/09/2022 1:15
brickhousegrille@ndsupernet.com,1,9/09/2022 1:15
papaginos@bigpond.com,1,9/09/2022 1:15
sillyvtgurl916@yahoo.com,1,9/09/2022 1:15
info@beyondmenu.com,1,9/09/2022 1:15
info@theproperslice.com,1,9/09/2022 1:15
thegoodsjp@gmail.com,1,9/09/2022 1:15
dailyspecials@denospizza.com,1,9/09/2022 1:15
ottopizza1@gmail.com,1,9/09/2022 1:15
H-Iliopoulos@coldcuts.com,1,9/09/2022 1:15
amici.cafe@yahoo.com,1,9/09/2022 1:15
info@beautys-pizza.com,1,9/09/2022 1:15
niamh.omaille@wsdevelopment.com,1,9/09/2022 1:15
marketing@dominos.co.uk,1,9/09/2022 1:15
charlestown@patch.com,1,9/09/2022 1:15
R-Hesham@coldcuts.com,1,9/09/2022 1:15
J@rocket99.com,1,9/09/2022 1:15
info@tidesnahant.com,1,9/09/2022 1:15
Contact@Angelos-Pizza.net,1,9/09/2022 1:15
jon@doe.com,1,9/09/2022 1:15
catering@hotcheesepizzeria.com,1,9/09/2022 1:15
info@beyondmenu.com,1,9/09/2022 1:15
artepisa@tin.it,1,9/09/2022 1:15
monica_higgins@theuppercrustpizzeria.com,1,9/09/2022 1:15
info@abcpizzainc.com,1,9/09/2022 1:15
G-Kostas@thepizzastop.com,1,9/09/2022 1:15
buccinispizza@gmail.com,1,9/09/2022 1:15
webdesign@erebusconsulting.com,1,9/09/2022 1:15
comments@nicolitalia.com,1,9/09/2022 1:15
send@giftrocket.com,1,9/09/2022 1:15
thefoursboston@yahoo.com,1,9/09/2022 1:15
bob.beefobradys@gmail.com,1,9/09/2022 1:15
Justjessie82@yahoo.com,1,9/09/2022 1:15
email@news.subway.com,1,9/09/2022 1:15
eclub@email.cicispizza.com,1,9/09/2022 1:15
info@pushlounge.com,1,9/09/2022 1:15
contact@autoutvabien.fr,1,9/09/2022 1:15
info@beaconwine.com,1,9/09/2022 1:15
scoerkeeper@scoer.com,1,9/09/2022 1:15
q2thai@gmail.com,1,9/09/2022 1:15
kunal@devinyc.com,1,9/09/2022 1:15
info@pecnyc.com,1,9/09/2022 1:15
bukharagrill49@gmail.com,1,9/09/2022 1:15
us.sulekha@sulekha.net,1,9/09/2022 1:15
mtnycsm@ldry.com,1,9/09/2022 1:15
uskudar@uskudarnyc.com,1,9/09/2022 1:15
reservations@megurestaurants.com,1,9/09/2022 1:15
reservations@horuscafe.com,1,9/09/2022 1:15
info@thesunburntcalf.com,1,9/09/2022 1:15
astrochuck@hotmail.com,1,9/09/2022 1:15
info@rclenterprises.net,1,9/09/2022 1:15
anchorpoint@gyu-kaku.com.sg,1,9/09/2022 1:15
wkrieg@bensdeli.net,1,9/09/2022 1:15
info@bricklanecurryhouse.com,1,9/09/2022 1:15
info@cipriani.com,1,9/09/2022 1:15
ctown.eats@gmail.com,1,9/09/2022 1:15
nino1958@optonline.net,1,9/09/2022 1:15
info@eastendbar.com,1,9/09/2022 1:15
tips@nypost.com,1,9/09/2022 1:15
info@localcafenyc.com,1,9/09/2022 1:15
info@lilfrankies.com,1,9/09/2022 1:15
JohnR@pietros.com,1,9/09/2022 1:15
info@palmanyc.com,1,9/09/2022 1:15
info@swords-smith.com,1,9/09/2022 1:15
WhiteHorseTavern.Functions@gmail.com,1,9/09/2022 1:15
madisonbistrot@aol.com,1,9/09/2022 1:15
admin@candlecafe.com,1,9/09/2022 1:15
info@villagepourhouse.com,1,9/09/2022 1:15
info@sobaya-nyc.com,1,9/09/2022 1:15
S-C@lincolnparkgrill.com,1,9/09/2022 1:15
maggiesplace@erols.com,1,9/09/2022 1:15
yaniv@westvillenyc.com,1,9/09/2022 1:15
giovanni@giovanni25.com,1,9/09/2022 1:15
info@trattoriadellarte.com,1,9/09/2022 1:15
info@silkrdtavern.com,1,9/09/2022 1:15
info@maysvillenyc.com,1,9/09/2022 1:15
503066009@qq.com,1,9/09/2022 1:15
thegrandsichuan@hotmail.com,1,9/09/2022 1:15
abuse@fsf.org,1,9/09/2022 1:15
jberk12@edenwok.com,1,9/09/2022 1:15
contact@nocciolanyc.com,1,9/09/2022 1:15
georgiospizzerianyc@gmail.com,1,9/09/2022 1:15
info@bongonyc.com,1,9/09/2022 1:15
gingerbeefcarryout@yahoo.com,1,9/09/2022 1:15
info@beyondmenu.com,1,9/09/2022 1:15
hr-pfchangs@assaadfandb.com,1,9/09/2022 1:15
info@beyondmenu.com,1,9/09/2022 1:15
murray@gordon.org,1,9/09/2022 1:15
customer_service@delivery.com,1,9/09/2022 1:15
mb@chinesemenu.com,1,9/09/2022 1:15
taminglei@yahoo.com,1,9/09/2022 1:15
crowleym@ix.netcom.com,1,9/09/2022 1:15
Joeandgrace@hotmail.com,1,9/09/2022 1:15
kmiller@inklinkmarketing.com,1,9/09/2022 1:15
murray@gordon.org,1,9/09/2022 1:15
media@edencenter.com,1,9/09/2022 1:15
jfong@fareast88.com,1,9/09/2022 1:15
King@rtp-chinaexpress.com,1,9/09/2022 1:15
yourname@yourdomain.com,1,9/09/2022 1:15
info@foxfire-grill.com,1,9/09/2022 1:15
Management@PekingGourmet.com,1,9/09/2022 1:15
miting@china-buffet.net,1,9/09/2022 1:15
INFO@goodfortunearlington.com,1,9/09/2022 1:15
cpa9233@aol.com,1,9/09/2022 1:15
mllegeorgesand@gmail.com,1,9/09/2022 1:15
robert@fd-housing.org,1,9/09/2022 1:15
vachinadelight@gmail.com,1,9/09/2022 1:15
KenRoss@quiznos.com,1,9/09/2022 1:15
jb1070@att.com,1,9/09/2022 1:15
tasteful@tastefuldelight.com,1,9/09/2022 1:15
info@marksduckhouse.com,1,9/09/2022 1:15
nhatrangeden@gmail.com,1,9/09/2022 1:15
T.Titus@manchuwok.com,1,9/09/2022 1:15
hkexpress@discover-kul.com,1,9/09/2022 1:15
gstein@goldenchina.ca,1,9/09/2022 1:15
info@chinaexpressarlington.com,1,9/09/2022 1:15
info@beyondmenu.com,1,9/09/2022 1:15
mllegeorgesand@gmail.com,1,9/09/2022 1:15
vienna@crystalsunflower.com,1,9/09/2022 1:15
hr-pfchangs@assaadfandb.com,1,9/09/2022 1:15
info@cafejefferson.net,1,9/09/2022 1:15
chickey@robertbetz.com,1,9/09/2022 1:15
oldtownalexandria@patch.com,1,9/09/2022 1:15
info@theaustraliannyc.com,1,9/09/2022 1:15
eduardosmexicanrestaurant@gmail.com,1,9/09/2022 1:15
MoesMediaInquiry@focusbrands.com,1,9/09/2022 1:15
MoesMediaInquiry@focusbrands.com,1,9/09/2022 1:15
MoesMediaInquiry@focusbrands.com,1,9/09/2022 1:15
office@willys.com,1,9/09/2022 1:15
elnopalmarietta@gmail.com,1,9/09/2022 1:15
info@eatredpepper.com,1,9/09/2022 1:15
mediarelations@limefmg.com,1,9/09/2022 1:15
MoesMediaInquiry@focusbrands.com,1,9/09/2022 1:15
Villarreal@losarcosmexicanrestaurant.com,1,9/09/2022 1:15
unsubscribe@pollotropical.com,1,9/09/2022 1:15
reservations@highlandmarina.com,1,9/09/2022 1:15
feedback@barberitos.com,1,9/09/2022 1:15
admin@mexicolindo.biz,1,9/09/2022 1:15
MoesMediaInquiry@focusbrands.com,1,9/09/2022 1:15
MoesMediaInquiry@focusbrands.com,1,9/09/2022 1:15
MoesMediaInquiry@focusbrands.com,1,9/09/2022 1:15
webmaster@lacabanabrc.com,1,9/09/2022 1:15
brewniversity@tacomac.com,1,9/09/2022 1:15
info@eatredpepper.com,1,9/09/2022 1:15
info@nuevolaredoantina.com,1,9/09/2022 1:15
iamtacobell@tacobell.com,1,9/09/2022 1:15
lindomableton@gmail.com,1,9/09/2022 1:15
buckhead@patch.com,1,9/09/2022 1:15
eltoro@eltoro.infothai.com,1,9/09/2022 1:15
webmaster@eatmonterreys.com,1,9/09/2022 1:15
info@pesosatlanta.com,1,9/09/2022 1:15
theborder@bellsouth.net,1,9/09/2022 1:15
jd@twistedtaco.com,1,9/09/2022 1:15
MoesMediaInquiry@focusbrands.com,1,9/09/2022 1:15
info@lamadeleine.co.za,1,9/09/2022 1:15
info@afterpeacockroom.com,1,9/09/2022 1:15
info@moncheriphotography.com,1,9/09/2022 1:15
taquerianacional@comcast.net,1,9/09/2022 1:15
info@ticodc.com,1,9/09/2022 1:15
eat@zabver.us,1,9/09/2022 1:15
alia.khan@bisnow.com,1,9/09/2022 1:15
lperez@doralpark.org,1,9/09/2022 1:15
info@imperialbanquethalls.com,1,9/09/2022 1:15
RPelican@SRCMail.com,1,9/09/2022 1:15
info@recptionpalace.com,1,9/09/2022 1:15
info@fiestapalace.com,1,9/09/2022 1:15
maurobooking@aol.com,1,9/09/2022 1:15
info@dclassbanquethall.com,1,9/09/2022 1:15
rls-emerge@rioseo.com,1,9/09/2022 1:15
info@zestopizza.com,1,9/09/2022 1:15
info@renaissancemiami.com,1,9/09/2022 1:15
web@lacarreta.be,1,9/09/2022 1:15
mmenagh@ygfarmersmarket.com,1,9/09/2022 1:15
reservations@mutinyhotel.com,1,9/09/2022 1:15
eileen@islascanariasrestaurant.com,1,9/09/2022 1:15
info@recptionpalace.com,1,9/09/2022 1:15
info@romeoscafe.com,1,9/09/2022 1:15
dwong@dennys.com,1,9/09/2022 1:15
icon-go@2x-77879879e49208d1eb8ee96c6c0a6424.png,1,9/09/2022 1:15
rebecca_day@captainds.com,1,9/09/2022 1:15
you@email.com,1,9/09/2022 1:15
info@dinoandharrys.com,1,9/09/2022 1:15
mail@lamontanaramiami.com,1,9/09/2022 1:15
webmaster@gmcvb.com,1,9/09/2022 1:15
contact@girrafas.com,1,9/09/2022 1:15
contact@salsafiestagrill.com,1,9/09/2022 1:15
info@rotellipizzapasta.com,1,9/09/2022 1:15
info@tierrabombarestaurante.com,1,9/09/2022 1:15
leo@camilasrestaurant.com,1,9/09/2022 1:15
webmaster@gmcvb.com,1,9/09/2022 1:15
marketing@verestaurants.com,1,9/09/2022 1:15
doni@sushisamba.com,1,9/09/2022 1:15
Contact@moshimoshi.us,1,9/09/2022 1:15
bangkoket@aol.com,1,9/09/2022 1:15
billing@jagcom.net,1,9/09/2022 1:15
Quocky@koreapalace.com,1,9/09/2022 1:15
cm.mrh@mortons.com,1,9/09/2022 1:15
info@laspalmerasrestaurante.com,1,9/09/2022 1:15
bolnetus@gmail.com,1,9/09/2022 1:15
4110fe00842041d49317929b39dd78fc@undefined.cloudflare.com,1,9/09/2022 1:15
info@greece.com,1,9/09/2022 1:15
laloggia@comcast.net,1,9/09/2022 1:15
casajuanrestauran@yahoo.com,1,9/09/2022 1:15
sushicafemiami@hotmail.com,1,9/09/2022 1:15
brickell@suviche.com,1,9/09/2022 1:15
eriemara@gmail.com,1,9/09/2022 1:15
events@toscanadivino.com,1,9/09/2022 1:15
Jean@sakurarestaurant.com,1,9/09/2022 1:15
mgr_seasiderest@shiloinns.com,1,9/09/2022 1:15
eloise@bristolpr.com,1,9/09/2022 1:15
boston-watertown@millersalehouse.com,1,9/09/2022 1:15
info@millyrestaurant.com,1,9/09/2022 1:15
info@PeppersBurritoGrill.com,1,9/09/2022 1:15
threechefs@rocketmail.com,1,9/09/2022 1:15
info@crazyaboutyourestaurant.com,1,9/09/2022 1:15
bahamoianconnectiongrill@hotmail.com,1,9/09/2022 1:15
admin@siamoishi.com,1,9/09/2022 1:15
Kendall-trat@carmines.com,1,9/09/2022 1:15
3153@devonseafood.com,1,9/09/2022 1:15
charkkrit@msn.com,1,9/09/2022 1:15
feedbackmktg@pizzahut.com.sg,1,9/09/2022 1:15
info@giginow.com,1,9/09/2022 1:15
C-S@losranchos.com,1,9/09/2022 1:15
kebab@kebabindia.com,1,9/09/2022 1:15
information@ihop.com,1,9/09/2022 1:15
info@tremiami.com,1,9/09/2022 1:15
info@seasaltandpepper.com,1,9/09/2022 1:15
info@lacamaronera.com,1,9/09/2022 1:15
info@jeanpaulshouse.com,1,9/09/2022 1:15
contact@dipapas.com,1,9/09/2022 1:15
info@lanpanasian.com,1,9/09/2022 1:15
bg7019@bonefishgrill.com,1,9/09/2022 1:15
tratluna@bellsouth.net,1,9/09/2022 1:15
info@sushisakemiami.com,1,9/09/2022 1:15
info@wynwoodkitchenandbar.com,1,9/09/2022 1:15
obbasushi@gmail.com,1,9/09/2022 1:15
info@preludebybartong.com,1,9/09/2022 1:15
pknezevic@94miami.com,1,9/09/2022 1:15
yourname@address.com,1,9/09/2022 1:15
hr-pfchangs@assaadfandb.com,1,9/09/2022 1:15
realasagna@gmail.com,1,9/09/2022 1:15
csiampalace@yahoo.com,1,9/09/2022 1:15
pizzamanfla@aol.com,1,9/09/2022 1:15
guestservices@mohg.com,1,9/09/2022 1:15
PSteve@perricones.com,1,9/09/2022 1:15
hr-pfchangs@assaadfandb.com,1,9/09/2022 1:15
americandeligb@gmail.com,1,9/09/2022 1:15
info@cityhalltherestaurant.com,1,9/09/2022 1:15
sales@anacaprifoods.com,1,9/09/2022 1:15
Fishermancafe@hotmail.com,1,9/09/2022 1:15
moye@moyemiami.com,1,9/09/2022 1:15
balansmiami@balansrestaurants.com,1,9/09/2022 1:15
obs1079@outback.com,1,9/09/2022 1:15
newsoutback@outback.com,1,9/09/2022 1:15
fratellimilano@bellsouth.net,1,9/09/2022 1:15
ajax-loader@2x.gif,1,9/09/2022 1:15
sillyvtgurl916@yahoo.com,1,9/09/2022 1:15
cafe203504@panerabread.com,1,9/09/2022 1:15
email@news.subway.com,1,9/09/2022 1:15
info@cavopgh.com,1,9/09/2022 1:15
support@giftcard.com,1,9/09/2022 1:15
facebook@brueggers.comt,1,9/09/2022 1:15
gooskis.booking@gmail.com,1,9/09/2022 1:15
katwai1@aol.com,1,9/09/2022 1:15
info@CoffeeTree.com,1,9/09/2022 1:15
digital@wendys.com,1,9/09/2022 1:15
mail@dingbatsrestaurant.com,1,9/09/2022 1:15
careers@sbarro.com,1,9/09/2022 1:15
info@meridian.co.uk,1,9/09/2022 1:15
salesmanager@donatosrestaurant.com,1,9/09/2022 1:15
kevin.johnston@martenhouse.com,1,9/09/2022 1:15
pghmurals@gmail.com,1,9/09/2022 1:15
office@carsoncitysaloon.com,1,9/09/2022 1:15
yourname@address.com,1,9/09/2022 1:15
info@meatandpotatoespgh.com,1,9/09/2022 1:15
studio@mowaa.org,1,9/09/2022 1:15
angeliaspizza@gmail.com,1,9/09/2022 1:15
monbrown886@gmail.com,1,9/09/2022 1:15
jpulice@acba.org,1,9/09/2022 1:15
editors@nuvo.net,1,9/09/2022 1:15
msciulli25@yahoo.com,1,9/09/2022 1:15
media@yummyplants.com,1,9/09/2022 1:15
info@joeydsbarandgrille.com,1,9/09/2022 1:15
Juls@papajs.com,1,9/09/2022 1:15
M.Hoss@parkhouseinn.com,1,9/09/2022 1:15
KillenR@astampcoin.com,1,9/09/2022 1:15
guestservice@flemingssteakhouse.com,1,9/09/2022 1:15
repple22@gmail.com,1,9/09/2022 1:15
info@starbucks.com.gr,1,9/09/2022 1:15
editors@nuvo.net,1,9/09/2022 1:15
KFCcares@kfc.com,1,9/09/2022 1:15
rachel@lorenzosindy.com,1,9/09/2022 1:15
Eylar@theuppercrust.biz,1,9/09/2022 1:15
info@mcdonalds.com.lb,1,9/09/2022 1:15
champps.feedback@champps.com,1,9/09/2022 1:15
hp@qdoba.com,1,9/09/2022 1:15
info@twofishbistro.com,1,9/09/2022 1:15
office@cafepatachou.com,1,9/09/2022 1:15
codes@ocharleys.com,1,9/09/2022 1:15
Clark@dairyqueen.com,1,9/09/2022 1:15
info@elmesonmexicanrestaurant.com,1,9/09/2022 1:15
info@caffedavinciua.com,1,9/09/2022 1:15
digital@wendys.com,1,9/09/2022 1:15
stories@nbc4i.com,1,9/09/2022 1:15
gallaghersi@yahoo.com,1,9/09/2022 1:15
admin@newvcorp.com,1,9/09/2022 1:15
teejayes@barnyardbuster.com,1,9/09/2022 1:15
info@starbucks.com.gr,1,9/09/2022 1:15
Sandy@pizzahut.com,1,9/09/2022 1:15
deepwoodrestaurant@gmail.com,1,9/09/2022 1:15
email@subway.com,1,9/09/2022 1:15
lexie@due-amici.com,1,9/09/2022 1:15
info@mcdonalds.com.lb,1,9/09/2022 1:15
justjudys@att.net,1,9/09/2022 1:15
info@donpablos.com,1,9/09/2022 1:15
shipping@tenclub.net,1,9/09/2022 1:15
webmaster@tacobell.com,1,9/09/2022 1:15
Ed@quakersteakandlube.com,1,9/09/2022 1:15
salesmanager@donatosrestaurant.com,1,9/09/2022 1:15
social@qdoba.com,1,9/09/2022 1:15
email@news.subway.com,1,9/09/2022 1:15
indybombaybites@gmail.com,1,9/09/2022 1:15
privacy@texasroadhouse.com,1,9/09/2022 1:15
jesicak@eddiemerlots.com,1,9/09/2022 1:15
stories@nbc4i.com,1,9/09/2022 1:15
info@starbucks.com.gr,1,9/09/2022 1:15
iamtacobell@tacobell.com,1,9/09/2022 1:15
email@news.subway.com,1,9/09/2022 1:15
obs1510@outback.com,1,9/09/2022 1:15
info@mcdonalds.com.lb,1,9/09/2022 1:15
email@subway.com,1,9/09/2022 1:15
Breakfastexpress@yahoo.com,1,9/09/2022 1:15
person@mymail.com,1,9/09/2022 1:15
inquiries@choeagd.com,1,9/09/2022 1:15
jockamo@jockamopizza.com,1,9/09/2022 1:15
GJaswant@indiagardenrockville.com,1,9/09/2022 1:15
digital@wendys.com,1,9/09/2022 1:15
gakklub@aol.com,1,9/09/2022 1:15
rodeo@elrodeo.com,1,9/09/2022 1:15
privacy@fazolis.com,1,9/09/2022 1:15
info@mcdonalds.com.lb,1,9/09/2022 1:15
chefs@tastecafeandmarketplace.com,1,9/09/2022 1:15
deli@shapiros.com,1,9/09/2022 1:15
hr-recruiting@buffalowildwings.com,1,9/09/2022 1:15
himalaya.kabob.korner@gmail.com,1,9/09/2022 1:15
jdswings@hotmail.com,1,9/09/2022 1:15
stories@nbc4i.com,1,9/09/2022 1:15
bee@gallagherspizzaexpress.com,1,9/09/2022 1:15
swise@scottysbrewhouse.com,1,9/09/2022 1:15
ajax-loader@2x.gif,1,9/09/2022 1:15
keystonesportsreview@gmail.com,1,9/09/2022 1:15
info@mccormickandschmicks.com,1,9/09/2022 1:15
cafe1277@panerabread.com,1,9/09/2022 1:15
pete@alltheperkscoffee.com,1,9/09/2022 1:15
yourname@address.com,1,9/09/2022 1:15
noreply@edamamesushiandgrill.com,1,9/09/2022 1:15
ram@ramdesigns.com,1,9/09/2022 1:15
jon@doe.com,1,9/09/2022 1:15
info@hubbardandcravens.com,1,9/09/2022 1:15
info@chefdansindy.com,1,9/09/2022 1:15
info@mcdonalds.com.lb,1,9/09/2022 1:15
rnps10@live.com,1,9/09/2022 1:15
info@mcdonalds.com.lb,1,9/09/2022 1:15
phcards@pizzahut.com,1,9/09/2022 1:15
mediainquiries@whopper.com,1,9/09/2022 1:15
info@mcdonalds.com.lb,1,9/09/2022 1:15
marketing@rallyburger.com,1,9/09/2022 1:15
customerservice@puccinissmilingteeth.com,1,9/09/2022 1:15
famousstew@gmail.com,1,9/09/2022 1:15
jon@doe.com,1,9/09/2022 1:15
chilislst@gmail.com,1,9/09/2022 1:15
customerservice@arbys.com,1,9/09/2022 1:15
editors@nuvo.net,1,9/09/2022 1:15
digital@wendys.com,1,9/09/2022 1:15
webmaster@pizzahut.com,1,9/09/2022 1:15
feedbackmktg@pizzahut.com.sg,1,9/09/2022 1:15
sakuraindy@yahoo.com,1,9/09/2022 1:15
id@us.tc,1,9/09/2022 1:15
web@www.churchs.com,1,9/09/2022 1:15
bigboysconstruction@gmail.com,1,9/09/2022 1:15
social@qdoba.com,1,9/09/2022 1:15
Robert-Ting@yenchingchinese.com,1,9/09/2022 1:15
email@subway.com,1,9/09/2022 1:15
SDunn@dennys.com,1,9/09/2022 1:15
person@mymail.com,1,9/09/2022 1:15
rnps10@live.com,1,9/09/2022 1:15
roscoesfranklin@gamil.com,1,9/09/2022 1:15
information@ihop.com,1,9/09/2022 1:15
avenue@whichwich.net,1,9/09/2022 1:15
email@news.subway.com,1,9/09/2022 1:15
info@kingdaviddogs.com,1,9/09/2022 1:15
information@ihop.com,1,9/09/2022 1:15
media@papamurphys.com,1,9/09/2022 1:15
maxandermas@maxandermas.prm1.net,1,9/09/2022 1:15
Drmarkmeds@protonmail.com,2,9/09/2022 1:15
onlypearlfisher@gmail.com,2,9/09/2022 1:15
contact@medimondial.com,2,9/09/2022 1:15
thecyanidequeen@gmail.com,2,9/09/2022 1:15
nembutal@gmail.com,2,9/09/2022 1:15
nembutalbestsuppliers@gmail.com,2,9/09/2022 1:15
euthagroupinc@gmail.com,2,9/09/2022 1:15
rawlingschemicals@gmail.com,2,9/09/2022 1:15
pharmacyofpeace@gmail.com,2,9/09/2022 1:15
finsansdouleur22@gmail.com,2,9/09/2022 1:15
nsupplier@gmail.com,2,9/09/2022 1:15
indiadrugspharmaceuticals78@gmail.com,2,9/09/2022 1:15
latestchemical@gmail.com,2,9/09/2022 1:15
info@kwaliteitmed,2,9/09/2022 1:15
info@globalhomemed.com,2,9/09/2022 1:15
info@kwaliteitmed,2,9/09/2022 1:15
info@globalhomemed.com,2,9/09/2022 1:15
dsupplynmbt@protonmail.com,2,9/09/2022 1:15
pharmaciediscrete@gmail.com,2,9/09/2022 1:15
exitmeds@gmail.com,2,9/09/2022 1:15
sarah@roilanddt.com,2,9/09/2022 1:15
Info@parcelfixlogistics.com,2,9/09/2022 1:15
sales@pedrix.shop,2,9/09/2022 1:15
vaneva2@web.de,2,9/09/2022 1:15
dsupplynbt@protonmail.com,2,9/09/2022 1:15
info@pentobarbitalnembutalnow.com,2,9/09/2022 1:15
info@nembutalgroup.com,2,9/09/2022 1:15
lawsonspharm.online@gmail.com,2,9/09/2022 1:15
alejandrosvasquez@prootonmail.com,2,9/09/2022 1:15
mxnembutalsupply@ctemplar.com,2,9/09/2022 1:15
dsupplynmbtl@protonmail.com,2,9/09/2022 1:15
info@researchchemicalsprovider.net,2,9/09/2022 1:15
dr.andersondoclas@gmail.com,2,9/09/2022 1:15
sales@eudarkmarket.com,2,9/09/2022 1:15
sales@medicarelifecenter.com,2,9/09/2022 1:15
schmerzloselosung.de@gmaik.com,2,9/09/2022 1:15
ieyulleriakemylesflatl@gmail.com,2,9/09/2022 1:15
info@euthanint.org,2,9/09/2022 1:15
quickbuy@protonmail.com,2,9/09/2022 1:15
info@kivutonpolku.com,2,9/09/2022 1:15
demarchi.riccardo@gmail.com,2,9/09/2022 1:15
ayjayezmd@gmail.com,2,9/09/2022 1:15
info@peacefullendings.com,2,9/09/2022 1:15
info@ultimasoluzione.me,2,9/09/2022 1:15
info@ultimasoluzione.me,2,9/09/2022 1:15
vaneva2@web.de,2,9/09/2022 1:15
info@schlaftabletten-rezeptfrei.net,2,9/09/2022 1:15
crisjanssen2021@gmail.com,2,9/09/2022 1:15
peacefulexitsupplier@gmail.com,2,9/09/2022 1:15
peacefuldeathdrug@gmail.com,2,9/09/2022 1:15
info@peacefulmeds.com,2,9/09/2022 1:15
info@totlich.com,2,9/09/2022 1:15
Pentobarbitalsuppliesdignityne@gmail.com,2,9/09/2022 1:15
vaneva2@web.de,2,9/09/2022 1:15
sales@globafarmaci.com,2,9/09/2022 1:15
info@peacefulmeds.com,2,9/09/2022 1:15
info@final-exit-network.com,2,9/09/2022 1:15
aapthipharmpvt@gmail.com,2,9/09/2022 1:15
crisjanssen2021@gmail.com,2,9/09/2022 1:15
pijnlozeapotheek@gmail.com,2,9/09/2022 1:15
jdmailnembutal@tutanota.com,2,9/09/2022 1:15
info@pentobarbitalgroup.com,2,9/09/2022 1:15
medikamentenlieferant@gmail.com,2,9/09/2022 1:15
tmcmakroplc@gmail.com,2,9/09/2022 1:15
info@mcargoint.com,2,9/09/2022 1:15
onlineresearchchemical@gmail.com,2,9/09/2022 1:15
info@crownsender.com,2,9/09/2022 1:15
primenembutal@gmail.com,2,9/09/2022 1:15
info@pentobarbitalgroup.com,2,9/09/2022 1:15
N-Worldwide@protonmail.com,2,9/09/2022 1:15
sales@nemtal.com,2,9/09/2022 1:15
order@nembutalonline.com,2,9/09/2022 1:15
info@swissexitnl.com,2,9/09/2022 1:15
citydrugsinc@gmail.com,2,9/09/2022 1:15
reply@methplug.com,2,9/09/2022 1:15
contact@info.com,2,9/09/2022 1:15
sales@nembutaleuthanasia.org,2,9/09/2022 1:15
seanr9091@gmail.com,2,9/09/2022 1:15
ivanandrogen2099@gmail.com,2,9/09/2022 1:15
Barbiturateshop@gmail.com,2,9/09/2022 1:15
anlesitw@gmail.com,2,9/09/2022 1:15
mattpeterson197@gmail.com,2,9/09/2022 1:15
pharmacie.sansdouleur@gmail.com,2,9/09/2022 1:15
contact@tekscourier.com,2,9/09/2022 1:15
ibscourier247@gmail.com,2,9/09/2022 1:15
info@nembushop.com,2,9/09/2022 1:15
transporte.support@transiexpress.com,2,9/09/2022 1:15
info@nembutalhigh.com,2,9/09/2022 1:15
info@kwaliteitmed.com,2,9/09/2022 1:15
primenembutal@gmail.com,2,9/09/2022 1:15
pharmochemicals@gmail.com,2,9/09/2022 1:15
cindicator@secmail.pro,2,9/09/2022 1:15
redheadetkat@gmail.com,2,9/09/2022 1:15
manager@medicinesprovider.com,2,9/09/2022 1:15
drmichaelfinchl578@physicist.net,2,9/09/2022 1:15
nembutaldrugsforyou@gmail.com,2,9/09/2022 1:15
slotbesluitapotheek@gmail.com,2,9/09/2022 1:15
info@farmaciadelapaz.com,2,9/09/2022 1:15
service@weedlinepharma.com,2,9/09/2022 1:15
Alhobi888@protonmail.com,2,9/09/2022 1:15
chudmington@gmail.com,2,9/09/2022 1:15
info@euthanint.org,2,9/09/2022 1:15
dr.thierryb116@gmail.com,2,9/09/2022 1:15
therasachem@gmail.com,2,9/09/2022 1:15
pastillasfarmacia@gmail.com,2,9/09/2022 1:15
info@acquistaossicodone.com,2,9/09/2022 1:15
onlinedesignerdrugstore@gmail.com,2,9/09/2022 1:15
nembutalbook@gmail.com,2,9/09/2022 1:15
wainpharmacy@protonmail.com,2,9/09/2022 1:15
deltabioresearchchemicals@protonmail.com,2,9/09/2022 1:15
euthanasiadoc@gmail.com,2,9/09/2022 1:15
info@nembutal.pro,2,9/09/2022 1:15
info@rollandmeds.com,2,9/09/2022 1:15
johnwangpph@protonmail.ch,2,9/09/2022 1:15
nembutalclinic@gmail.com,2,9/09/2022 1:15
info@pentobarbitalgroup.com,2,9/09/2022 1:15
eutanasia.wayout@gmail.com,2,9/09/2022 1:15
Painlesssleep@dr.com,2,9/09/2022 1:15
topsupplies4@gmail.com,2,9/09/2022 1:15
support@primechemicals.co.uk,2,9/09/2022 1:15
nembutaldrugsforyou@gmail.com,2,9/09/2022 1:15
dralenezi09@gmail.com,2,9/09/2022 1:15
nembutalsupplier380@gmail.com,2,9/09/2022 1:15
covphil25@gmail.com,2,9/09/2022 1:15
max.pharma40@gmail.com,2,9/09/2022 1:15
joshliujiang2@gmail.com,2,9/09/2022 1:15
N-Worldwide@protonmail.com,2,9/09/2022 1:15
info@analgesiainternational.org,2,9/09/2022 1:15
info@euthanasiagroup.com,2,9/09/2022 1:15
info@mitwurdesterben.eu,2,9/09/2022 1:15
drmichaelfinchl57@physicist.net,2,9/09/2022 1:15
info@doctorbarbiturate.com,2,9/09/2022 1:15
info_global_chemical_shop_co_ltd@salesperson.net,2,9/09/2022 1:15
infos@universchem.com,2,9/09/2022 1:15
jameskrulman@gmail.com,2,9/09/2022 1:15
Ferrignogiuseppe@protonmail.com,2,9/09/2022 1:15
INFO@NEMBUTALKAUFEN.ORG,2,9/09/2022 1:15
info@vidatermino.com,2,9/09/2022 1:15
info@nembutalsolutions.com,2,9/09/2022 1:15
immaculatewht@gmail.com,2,9/09/2022 1:15
info@euthasiast.com,2,9/09/2022 1:15
karldonaldson99@gmail.com,2,9/09/2022 1:15
info@thesafepharm.com,2,9/09/2022 1:15
urgentmedz@outlook.com,2,9/09/2022 1:15
info@exitexperts.org,2,9/09/2022 1:15
nembutaleu@gmail.com,2,9/09/2022 1:15
jimenezclaudio877@gmail.com,2,9/09/2022 1:15
sales@bestsupplierchemical.com,2,9/09/2022 1:15
Nembutalwithgrace@fastmail.com,2,9/09/2022 1:15
Ferrignogiuseppe@protonmail.com,2,9/09/2022 1:15
onlineaccessdrugsupplier@gmail.com,2,9/09/2022 1:15
info.euthanasiawayout@gmail.com,2,9/09/2022 1:15
brownhaney007@gmail.com,2,9/09/2022 1:15
edgarhoover44@gmail.com,2,9/09/2022 1:15
info@globalexitgroup.com,2,9/09/2022 1:15
info@elixirmedic.com,2,9/09/2022 1:15
onlinedesignerdrugstore@gmail.com,2,9/09/2022 1:15
info@painlesspath.org,2,9/09/2022 1:15
info@pharmaciesansdouleur.com,2,9/09/2022 1:15
info@hospitableending.com,2,9/09/2022 1:15
sales@prontofarmaci.com,2,9/09/2022 1:15
info.painlesspath@gmail.com,2,9/09/2022 1:15
info@stevemeds.com,2,9/09/2022 1:15
info@nembutalpeacefulexit.com,2,9/09/2022 1:15
onlinedrugpurchase@gmail.com,2,9/09/2022 1:15
smendy207@gmail.com,2,9/09/2022 1:15
info@nembutalsolutionpharmacy.net,2,9/09/2022 1:15
nembutal4freedom@gmail.com,2,9/09/2022 1:15
info@nembutal-pro.com,2,9/09/2022 1:15
contact@bestplacenembutal.com,2,9/09/2022 1:15
contact@nembutalfso.com,2,9/09/2022 1:15
info@nembutal.online,2,9/09/2022 1:15
nembutalshop@gmail.com,2,9/09/2022 1:15
EMSMEDS@usa.com,2,9/09/2022 1:15
christophertitmuss@gmail.com,2,9/09/2022 1:15
gransuministros.medicine@gmail.com,2,9/09/2022 1:15
info@euthanint.org,2,9/09/2022 1:15
info@percorsoindolore.com,2,9/09/2022 1:15
joaofelixpph@protonmail.ch,2,9/09/2022 1:15
medikamentenlieferant@gmail.com,2,9/09/2022 1:15
petralonalkestine123@gmail.com,2,9/09/2022 1:15
SKANLEYSCARS420@GMAIL.COM,2,9/09/2022 1:15
snoopsdrugs@gmail.com,2,9/09/2022 1:15
stevidavies2016@gmail.com,2,9/09/2022 1:15
TROJANLORD100@GMAIL.COM,2,9/09/2022 1:15
ultimafarmacia.it@gmail.com,2,9/09/2022 1:15
barbitur.pharmacy@gmail.com,2,9/09/2022 1:15
blueskydrugs001@gmail.com,2,9/09/2022 1:15
bob1152@protonmail.com,2,9/09/2022 1:15
bryankingston001@gmail.com,2,9/09/2022 1:15
discreetdrugpedlars@gmail.com,2,9/09/2022 1:15
drrobertlmccain587@gmail.com,2,9/09/2022 1:15
drrobertlmccain587@gmail.com,2,9/09/2022 1:15
Eclarkson60@gmail.com,2,9/09/2022 1:15
henryryan@gmail.com,2,9/09/2022 1:15
info@deltashippingwide.com,2,9/09/2022 1:15
inquires@nembutalhub.com,2,9/09/2022 1:15
instaphamamaceticalmeds@gmail.com,2,9/09/2022 1:15
jamesnembutal@gmail.com,2,9/09/2022 1:15
jamngom@gmail.com,2,9/09/2022 1:15
kaylaholt099@gmail.com,2,9/09/2022 1:15
kwchems@gmail.com,2,9/09/2022 1:15
lozanomarquez@protonmail.ch,2,9/09/2022 1:15
MARIEMASON@GMAIL.COM,2,9/09/2022 1:15
medcomplexonline@gmail.com,2,9/09/2022 1:15
medsdeliveryanywhere@gmail.com,2,9/09/2022 1:15
nembutal.online@gmx.ch,2,9/09/2022 1:15
nembutalgroupengland@gmail.com,2,9/09/2022 1:15
oglungs23@gmail.com,2,9/09/2022 1:15
onlinemedicationstore@gmail.com,2,9/09/2022 1:15
pentobarbitalonline@outlook.com,2,9/09/2022 1:15
prescriptiondrugsonline86@gmail.com,2,9/09/2022 1:15
puremeth.patti@gmail.com,2,9/09/2022 1:15
shawnhardy2001@gmail.com,2,9/09/2022 1:15
,,
,,
,,
,,
,,
,,
,,
,,
,,
,,
,,
,,
,,
,,
,,
,,
,,
,,
,,
,,
,,
,,
,,
,,
,,
,,
,,
,,
,,
,,
,,
,,
,,
,,
,,
,,
,,
,,
,,
,,
,,
,,
,,
,,
,,
,,
,,
,,
,,
,,
,,
,,
,,
,,
,,
,,
,,
,,
,,
,,
,,
,,
,,
,,
,,
,,
,,
,,
,,
,,
,,
,,
,,
,,
,,
,,
,,
,,
,,
,,
,,
,,
,,
,,
,,
,,
,,
,,
,,
,,
,,
,,
,,
,,
,,
,,
,,
,,
,,
,,
,,
,,
,,
,,
,,
,,
,,
,,
,,
,,
,,
,,
,,
,,
,,
,,
,,
,,
,,
,,
,,
,,
,,
,,
,,
,,
,,
,,
,,
,,
,,
,,
,,
,,
,,
,,
,,
,,
,,
,,
,,
,,
,,
,,
,,
,,
,,
,,
,,
,,
,,
,,
,,
,,
,,
,,
,,
,,
,,
,,
,,
,,
,,
,,
,,
,,
,,
,,
,,
,,
,,
,,
,,
,,
,,
,,
,,
,,
,,
,,
,,
,,
,,
,,
,,
,,
,,
,,
,,
,,
,,
,,
,,
,,
,,
,,
,,
,,
,,
,,
,,
,,
,,
,,
,,
,,
,,
,,
,,
,,
,,
,,
,,
,,
,,
,,
,,
,,
,,
,,
,,
,,
,,
,,
,,
,,
,,
,,
,,
,,
,,
,,
,,
,,
,,
,,
,,
,,
,,
,,
,,
,,
,,
,,
,,
,,
,,
,,
,,
,,
,,
,,
,,
,,
,,
,,
,,
,,
,,
,,
,,
,,
,,
,,
,,
,,
,,
,,
,,
,,
,,
,,
,,
,,
,,
,,
,,
,,
,,
,,
,,
,,
,,
,,
,,
,,
,,
,,
,,
,,
,,
,,
,,
,,
,,
,,
,,
,,
,,
,,
,,
,,
,,
,,
,,
,,
,,
,,
,,
,,
,,
,,
,,
,,
,,
,,
,,
,,
,,
,,
,,
,,
,,
,,
,,
,,
,,
,,
,,
,,
,,
,,
,,
,,
,,
,,
,,
,,
,,
,,
,,
,,
,,
,,
,,
,,
,,
,,
,,
,,
,,
,,
,,
,,
,,
,,
,,
,,
,,
,,
,,
,,
,,
,,
,,
,,
,,
,,
,,
,,
,,
,,
,,
,,
,,
,,
,,
,,
,,
,,
,,
,,
,,
,,
,,
,,
,,
,,
,,
,,
,,
,,
,,
,,
,,
,,
,,
,,
,,
,,
,,
,,
,,
,,
,,
,,
,,
,,
,,
,,
,,
,,
,,
,,
,,
,,
,,
,,
,,
,,
,,
,,
,,
,,
,,
,,
,,
,,
,,
,,
,,
,,
,,
,,
,,
,,
,,
,,
,,
,,
,,
,,
,,
,,
,,
,,
,,
,,
,,
,,
,,
,,
,,
,,
,,
,,
,,
,,
,,
,,
,,
,,
,,
,,
,,
,,
,,
,,
,,
,,
,,
,,
,,
,,
,,
,,
,,
,,
,,
,,
,,
,,
,,
,,
,,
,,
,,
,,
,,
,,
,,
,,
,,
,,
,,
,,
,,
,,
,,
,,
,,
,,
,,
,,
,,
,,
,,
,,
,,
,,
,,
,,
,,
,,
,,
,,
,,
,,
,,
,,
,,
,,
,,
,,
,,
,,
,,
,,
,,
,,
,,
,,
,,
,,
,,
,,
,,
,,
,,
,,
,,
,,
,,
,,
,,
,,
,,
,,
,,
,,
,,
,,
,,
,,
,,
,,
,,
,,
,,
,,
,,
,,
,,
,,
,,
,,
,,
,,
,,
,,
,,
,,
,,
,,
,,
,,
,,
,,
,,
,,
,,
,,
,,
,,
,,
,,
,,
,,
,,
,,
,,
,,
,,
,,
,,
,,
,,
,,
,,
,,
,,
,,
,,
,,
,,
,,
,,
,,
,,
,,
,,
,,
,,
,,
,,
,,
,,
,,
,,
,,
,,
,,
,,
,,
,,
,,
,,
,,
,,
,,
,,
,,
,,
,,
,,
,,
,,
,,
,,
,,
,,
,,
,,
,,
,,
,,
,,
,,
,,
,,
,,
,,
,,
,,
,,
,,
,,
,,
,,
,,
,,
,,
,,
,,
,,
,,
,,
,,
,,
,,
,,
,,
,,
,,
,,
,,
,,
,,
,,
,,
,,
,,
,,
,,
,,
,,
,,
,,
,,
,,
,,
,,
,,
,,
,,
,,
,,
,,
,,
,,
,,
,,
,,
,,
,,
,,
,,
,,
,,
,,
,,
,,
,,
,,
,,
,,
,,
,,
,,
,,
,,
,,
,,
,,
,,
,,
,,
,,
,,
,,
,,
,,
,,
,,
,,
,,
,,
,,
,,
,,
,,
,,
,,
,,
,,
,,
,,
,,
,,
,,
,,
,,
,,
,,
,,
,,
,,
,,
,,
,,
,,
,,
,,
,,
,,
,,
,,
,,
,,
,,
,,
,,
,,
,,
,,
,,
,,
,,
,,
,,
,,
,,
,,
,,
,,
,,
,,
,,
,,
,,
,,
,,
,,
,,
,,
,,
,,
,,
,,
,,
,,
,,
,,
,,
,,
,,
,,
,,
,,
,,
,,
,,
,,
,,
,,
,,
,,
,,
,,
,,
,,
,,
,,
,,
,,
,,
,,
,,
,,
,,
,,
,,
,,
,,
,,
,,
,,
,,
,,
,,
,,
,,
,,
,,
,,
,,
,,
,,
,,
,,
,,
,,
,,
,,
,,
,,
,,
,,
,,
,,
,,
,,
,,
,,
,,
,,
,,
,,
,,
,,
,,
,,
,,
,,
,,
,,
,,
,,
,,
,,
,,
,,
,,
,,
,,
,,
,,
,,
,,
,,
,,
,,
,,
,,
,,
,,
,,
,,
,,
,,
,,
,,
,,
,,
,,
,,
,,
,,
,,
,,
,,
,,
,,
,,
,,
,,
,,
,,
,,
,,
,,
,,
,,
,,
,,
,,
,,
,,
,,
,,
,,
,,
,,
,,
,,
,,
,,
,,
,,
,,
,,
,,
,,
,,
,,
,,
,,
,,
,,
,,
,,
,,
,,
,,
,,
,,
,,
,,
,,
,,
,,
,,
,,
,,
,,
,,
,,
,,
,,
,,
,,
,,
,,
,,
,,
,,
,,
,,
,,
,,
,,
,,
,,
,,
,,
,,
,,
,,
,,
,,
,,
,,
,,
,,
,,
,,
,,
,,
,,
,,
,,
,,
,,
,,
,,
,,
,,
,,
,,
,,
,,
,,
,,
,,
,,
,,
,,
,,
,,
,,
,,
,,
,,
,,
,,
,,
,,
,,
,,
,,
,,
,,
,,
,,
,,
,,
,,
,,
,,
,,
,,
,,
,,
,,
,,
,,
,,
,,
,,
,,
,,
,,
,,
,,
,,
,,
,,
,,
,,
,,
,,
,,
,,
,,
,,
,,
,,
,,
,,
,,
,,
,,
,,
,,
,,
,,
,,
,,
,,
,,
,,
,,
,,
,,
,,
,,
,,
,,
,,
,,
,,
,,
,,
,,
,,
,,
,,
,,
,,
,,
,,
,,
,,
,,
,,
,,
,,
,,
,,
,,
,,
,,
,,
,,
,,
,,
,,
,,
,,
,,
,,
,,
,,
,,
,,
,,
,,
,,
,,
,,
,,
,,
,,
,,
,,
,,
,,
,,
,,
,,
,,
,,
,,
,,
,,
,,
,,
,,
,,
,,
,,
,,
,,
,,
,,
,,
,,
,,
,,
,,
,,
,,
,,
,,
,,
,,
,,
,,
,,
,,
,,
,,
,,
,,
